product,tavg,tmin,tmax,prcp,snow,wspd,tsun,pres
Product_A_Winter_Jacket,0.17511912826649195,0.3153158367215908,0.42483765295483644,0.7174745371023499,0.9535757380780359,0.3666419477892967,0.3651622615065739,0.5064987534613957
Product_B_Rain_Boots,0.5140821254322676,0.4710150074504424,0.5611859908094144,1.0,0.5071541276903193,0.7926889959964712,0.47777766470202987,0.508384146865655
Product_C_Sunglasses,0.9551221405725939,0.7551391488695789,0.958102302606068,0.31643715099533437,0.13581903663045963,0.03296075788846797,0.9596207486722736,0.4095266782235467
